{"cameraMode":{"drawMode":0,"name":"Shaded","section":"Shading Mode"},"sceneLighting":true,"audioPlay":false,"sceneViewState":{"m_AlwaysRefresh":false,"showFog":true,"showSkybox":true,"showFlares":true,"showImageEffects":true,"showParticleSystems":true,"showVisualEffectGraphs":true,"m_FxEnabled":true},"in2DMode":false,"pivot":{"x":-0.4962307810783386,"y":4.95935583114624,"z":-31.443683624267579},"rotation":{"x":-0.2203996479511261,"y":0.026914166286587716,"z":-0.0060839466750621799,"w":-0.9750224947929382},"size":7.457010269165039,"orthographic":false}